Question,Acurracy global,Precision_0,Recall_0,F1_score_0,Support_0,Precision_1,Recall_1,F1_score_1,Support_1,Precision_2,Recall_2,F1_score_2,Support_2
"3,4,5,14,21,24,25,26,27,29,30,32,48,49,51,54,55,58,59,60,62,63,66,68,70,75,78,83,85,86,87,89,90,91,94,95,96,98,100,101",64.1025641025641,0.5,0.45454545454545453,0.47619047619047616,11,0.6875,0.7857142857142857,0.7333333333333334,14,0.6923076923076923,0.6428571428571429,0.6666666666666666,14
"3,4,5,9,11,12,14,15,21,23,24,25,26,27,29,30,32,38,44,45,46,48,49,51,54,55,58,59,60,62,63,66,68,70,72,75,78,83,85,86,87,89,90,91,94,95,96,98,100,101,102",56.41025641025641,0.5454545454545454,0.5454545454545454,0.5454545454545454,11,0.46153846153846156,0.42857142857142855,0.4444444444444445,14,0.6666666666666666,0.7142857142857143,0.689655172413793,14
"3,4,5,9,11,12,14,15,19,21,23,24,25,26,27,29,30,32,38,44,45,46,48,49,51,54,55,58,59,60,62,63,66,68,70,72,75,78,83,85,86,87,88,89,90,91,94,95,96,98,100,101,102",53.84615384615385,0.5454545454545454,0.5454545454545454,0.5454545454545454,11,0.5,0.5714285714285714,0.5333333333333333,14,0.5833333333333334,0.5,0.5384615384615384,14
"3,4,5,7,9,11,12,14,15,18,19,21,23,24,25,26,27,29,30,32,38,41,42,44,45,46,48,49,51,54,55,58,59,60,62,63,66,68,70,72,75,77,78,83,85,86,87,88,89,90,91,94,95,96,98,100,101,102",53.84615384615385,0.4,0.36363636363636365,0.380952380952381,11,0.5,0.5,0.5,14,0.6666666666666666,0.7142857142857143,0.689655172413793,14
"3,4,5,7,9,11,12,14,15,18,19,21,23,24,25,26,27,29,30,32,33,38,41,42,44,45,46,48,49,50,51,54,55,58,59,60,62,63,66,68,70,72,75,77,78,83,85,86,87,88,89,90,91,94,95,96,98,100,101,102",64.1025641025641,0.5,0.6363636363636364,0.56,11,0.6666666666666666,0.42857142857142855,0.5217391304347826,14,0.75,0.8571428571428571,0.7999999999999999,14
