Question,Acurracy global,Precision_0,Recall_0,F1_score_0,Support_0,Precision_1,Recall_1,F1_score_1,Support_1,Precision_2,Recall_2,F1_score_2,Support_2
"[2, 3, 4, 5, 6, 7, 8, 9, 12, 15, 16, 20, 21, 23, 24, 29, 30, 31, 32, 34, 35, 36, 37, 40, 43, 44, 46, 47, 48, 50, 51, 54, 55, 57, 58, 59, 62, 65, 67, 70, 71, 74, 75, 76, 77, 79, 80, 82, 83, 85, 86, 87, 88, 89, 90, 93, 94, 98, 99, 100, 102]",46.15384615,0.333333333,0.363636364,0.347826087,11,0.388888889,0.5,0.4375,14,0.777777778,0.5,0.608695652,14
"[3, 4, 6, 7, 8, 12, 16, 21, 29, 30, 32, 34, 37, 39, 40, 47, 50, 55, 58, 59, 62, 65, 67, 70, 74, 80, 86, 93, 94, 99, 102]",43.58974359,0.294117647,0.454545455,0.357142857,11,0.384615385,0.357142857,0.37037037,14,0.777777778,0.5,0.608695652,14
"[14, 17, 18, 19, 27, 29, 30, 31, 32, 33, 34, 36, 37, 38, 39, 40, 45, 49, 52, 55, 57, 58, 59, 62, 65, 70, 72, 74, 79, 80, 83, 89, 101, 102]",51.28205128,0.388888889,0.636363636,0.482758621,11,0.714285714,0.357142857,0.476190476,14,0.571428571,0.571428571,0.571428571,14
"[3, 62, 64]",51.28205128205128,0.47058823529411764,0.7272727272727273,0.5714285714285714,11,0.5,0.35714285714285715,0.41666666666666663,14,0.5833333333333334,0.5,0.5384615384615384,14
"[3, 4, 5, 6, 7, 8, 9, 12, 15, 16, 20, 21, 24, 29, 31, 32, 34, 36, 37, 43, 44, 46, 50, 58, 59]",58.97435897435898,0.5454545454545454,0.5454545454545454,0.5454545454545454,11,0.4666666666666667,0.5,0.4827586206896552,14,0.7692307692307693,0.7142857142857143,0.7407407407407408,14
"[3, 4, 5, 6, 7, 8, 9, 12, 15, 16, 20, 21, 24, 29, 31, 32, 34, 36, 37, 43, 44, 46, 50, 57, 58, 62, 65, 67, 70, 75, 76, 77, 79, 82, 83, 85, 86, 87, 88, 89, 93, 94, 98, 99, 100, 102]",41.02564102564102,0.4,0.36363636363636365,0.380952380952381,11,0.4375,0.5,0.4666666666666667,14,0.38461538461538464,0.35714285714285715,0.3703703703703704,14
"[4, 5, 6, 13, 14, 25, 26, 27, 28, 31, 33, 34, 36, 38, 39, 41, 42, 45, 46, 49, 50, 51, 52, 54, 55, 58, 60, 61, 64, 65, 66, 68, 69, 72, 73, 78, 84, 91, 92, 94, 96, 97, 101]",38.46153846153847,0.23529411764705882,0.36363636363636365,0.2857142857142857,11,0.4444444444444444,0.2857142857142857,0.34782608695652173,14,0.5384615384615384,0.5,0.5185185185185186,14
